가격,상품명,할인율
42900,"
12/01 배송 [세트상품][기모] NEW 950g 텀블 냅핑 후디",['35%']
36800,"
					[세트상품] 하프 폴라 니트 티셔츠",['53%']
28050,"
					[무신사 단독]유니섹스 골지 니트 폴라넥-블랙",['15%']
186000,"
					[무신사 단독]Solist Oversize Cashmere Coat Black",['25%']
299000,"
12/22 배송 [무신사 단독]내셔널지오그래픽 다운 자켓 N174UDW080 유니섹스 카이만 덕다운 벤치 다운 자켓 롱 패딩 롱 다운 BLACK 2",['23%']
43000,"
					[패키지]제이윈 덤블 기모후드 (0748)",['10%']
29500,"
					[기모] Crump represent track pants (CP0011)",['40%']
28050,"
					[무신사 단독]유니섹스 골지 니트 폴라넥-브라운",['15%']
29000,"
					터틀 벤트 레이어드 티셔츠 목폴라 [BLACK]",['26%']
54000,"
					K121 미드웨이트 풀오버 그레이",['55%']
29900,"
					나이키 레거시91 테크 스우시캡 블랙",['49%']
96000,"
					[리뉴얼ver.]1987그래픽벤치코트 롱돕퍼 black",['68%']
54000,"
					K121 미드웨이트 풀오버 블랙",['55%']
44000,"
					[패키지]제이 양기모후드 (2050)",['10%']
22900,"
					[세트 상품][무신사 단독]더블 코튼 롱 티셔츠",['62%']
299000,"
12/22 배송 [무신사 단독]내셔널지오그래픽 다운 자켓 N174UDW080 유니섹스 카이만 덕다운 벤치 다운 자켓 롱 패딩 롱 다운 BLACK",['23%']
14900,"
					[무신사 단독][10PACK] 양말 패키지 DRUG_UX 무지 카바",['38%']
68600,"
12/05 배송 SP 17 베이직 패딩",['30%']
18000,"
					[머플러] 체크 머플러 - 네이비",['10%']
28050,"
					[무신사 단독]유니섹스 골지 니트 폴라넥-아이보리",['15%']
64800,"
					세레머니 테이프 와이드 후드_그레이",['10%']
158900,"
					CHESTERFIELD COAT GA [BLACK]",[]
19800,"
					[기모] Crump line track pants(CP0030)",['49%']
19500,"
					SSTZ 컬러립 양말 5P 기프트세트",['30%']
39900,"
					브이넥 라이트 다운 재킷 [블랙]",['20%']
29800,"
					[UNISEX]] 베이직 레이어드 터틀넥 [블랙]",['39%']
59000,"
					[무신사 단독]LONG WIDE SLACKS_F BLACK",['5%']
79800,"
					(Unisex) Buffing Leather Rider Jacket",['15%']
49000,"
					피치스킨 트윌 자켓 블랙",['11%']
32000,"
					Hair Line Stripe Shirts Sky",['18%']
79000,"
					[무신사 단독]Berlin 873 selvedge raw (PJOE1BE8732873)",['53%']
24900,"
					[무신사 단독]9부 스탠다드 핏 앵클 슬랙스 블랙",['51%']
22000,"
					DEFAULT EMBROIDERY 7PANEL CAP(Black)",['41%']
17100,"
					[머플러] 솔리드 울 머플러 - 블랙",['10%']
31000,"
					미뇽네프 N헤비코튼 후디 라벤더(컬러)_기모 후드",['50%']
31400,"
					더잭슨 절개후디 크림 JJHD7048",['10%']
31300,"
					투라인첼린저 후드 아이보리 STHD3039",['15%']
54900,"
12/01 배송 1+1 247 CASHMERE MUFFLER [5 COLORS]",['31%']
186000,"
					[무신사 단독]Solist Oversize Cashmere Coat Camel",['25%']
233100,"
12/11 배송 알펜글로우 마룬벨 벤치 파카 롱패딩(Black)",['10%']
74000,"
					Zipper Leather Rider Jacket",['17%']
35100,"
					소프트 베이직 터틀넥 니트 블랙",['10%']
29900,"
					Quilting Inner Vest Black",['7%']
43200,"
					VN-0EYEBWW / 반스 클래식 슬립온 / SLIP-ON BLACK/WHITE CHECKER / VN000EYEBWW1",['20%']
148000,"
					스트레치 언비터블 롱다운점퍼 MBWTUJP061",['50%']
29000,"
					터틀 벤트 레이어드 티셔츠 목폴라 [WHITE]",['26%']
51060,"
					반스 스케이트 하이 블랙 / VN-0D5IB8C / SK8-HI BLACK",['26%']
19200,"
					[무신사 단독]Layla basic muffler 2",['20%']
38900,"
					챔피온 S0889 더블로고 후드티",['64%']
24500,"
					S600 CREWNECK SWEATSHIRTS (11Color) 크루넥",['64%']
89000,"
					[무신사 단독]BERLIN 861 SELVEDGE RAW (PJOE1BE8612861)",['47%']
198400,"
12/19 배송 [SWIB] 마테호른 K 롱다운 벤치 파카_WE4D15011BK",['20%']
24500,"
12/11 배송 유니섹스 브이넥 라이트 다운 베스트 블랙 [M17W1VT9000]",['50%']
79000,"
					워싱 데님 셰르파 자켓 (블루)",['11%']
41800,"
					*** Layla unconditional love green check S4 / 레이라 언컨디셔널 러브 초록체크 S4",['5%']
81600,"
12/01 배송 #titan64 타이디 크롭진",['15%']
146150,"
					MA-1 레귤러핏 블랙",['25%']
109000,"
					[무신사 단독][1+1세트 단독특가] 2017 LONG PADDING JUMPER (BLACK / WHITE) [GPD001F43BK/WH]",['54%']
13050,"
					[S21489] 솔리드 크루 삭스 화이트 3켤레 세트",['31%']
39000,"
					CP-306 워싱 테이퍼드핏 면팬츠_BK",['34%']
43000,"
					레터링 타투 후드 기모 블랙",['43%']
59800,"
12/06 배송 램스울 오버핏 브이넥 니트 [BEIGE]",['13%']
59000,"
					2017 REVERSIBLE JP (BLACK) [GJP001F43BK]",['50%']
49000,"
					K124 미드웨이트 스웨셔츠 맨투맨 그레이",['53%']
35000,"
					[무신사 단독][세트상품][기모] 사이드 백 벤트  냅핑 스웻셔츠",['35%']
65000,"
12/04 배송 헤비 울 블렌드 싱글 코트 블랙",['30%']
22900,"
					K87 워크웨어 포켓 반팔티 블랙",['71%']
119000,"
					러틀랜드 써멀후드집업 칼하트브라운",['40%']
44000,"
					[구매후기 지갑증정!!] COMPOUND MESSENGER BAG SERIES /  메신져백",['71%']
53100,"
					[무신사 단독][기모추가]로고 아노락 풀오버 하프집업 네이비",['10%']
159200,"
12/01 배송 드롭 숄더 싱글 코트 [블랙]",['20%']
25900,"
					베이직 기모 후드티 그레이",['44%']
42500,"
					SP 아메리칸 니트 스웨터-NAVY",['18%']
26100,"
12/12 배송 [무신사 단독]Classic Polo Neck Knit_Black",['10%']
36900,"
12/01 배송 1+1 247 WOOL MUFFLER [6 COLORS]",['38%']
59000,"
					[DUCK DIVE] 17 WINTER STD MA-1 BLACK",['53%']
208800,"
					[SWIB] 마테호른 K 사파리 구스다운 점퍼_WE4D19021BK",['40%']
25500,"
					(cotton) watch cap [BLACK]",['25%']
14900,"
					크럼프 오리지날 하프 집업 (CT0050)  6컬러",['25%']
19800,"
					[1+1기획전]NEED CAP (BLACK)(4color)",['36%']
33150,"
					[패키지]1+1솔리드 울 머플러 + 체크 울 머플러",['15%']
58500,"
					[무신사 단독](FLEECE LINED)MARK GONZALES HOODIE GRAY",['10%']
39000,"
					CP-306 워싱 테이퍼드핏 면팬츠_GR",['34%']
31500,"
					[UNISEX] X 버클캡 (black)",['10%']
49500,"
12/04 배송 [무신사 단독]리버시블 퀼팅 패딩 베스트_검/베",['10%']
42000,"
					레이라 베이직 니트 2 - 아이보리*",['25%']
227800,"
					[무신사 단독][남/녀] 17A/W 덕 다운 벤치 롱 파카 NAVY",['15%']
49000,"
					K124 미드웨이트 스웨셔츠 맨투맨 블랙",['53%']
186900,"
					DUFFLE COAT GA [NAVY]",['25%']
40300,"
					[패키지]프리 양기모 맨투맨(2083)",['10%']
23750,"
					17A/W 스컬프터 머플러[베이지/옐로우/블랙]",['5%']
28050,"
					[무신사 단독]유니섹스 골지 니트 폴라넥-그레이",['15%']
86400,"
					SP 해크니 스웨이드 시어링 자켓-BLACK",['20%']
29250,"
					옥스포드 베이직 셔츠 화이트",['25%']
27000,"
					P-035 와이드 밴딩 슬랙스",['31%']
39490,"
					반스 어센틱 트루 화이트 / VN-0EE3W00 / AUTHENTIC TRUE WHITE",['27%']
208200,"
12/01 배송 더플코트 (네이비)",['15%']
28000,"
					[양면] Layla unconditional love Layla reversible muffler 3 6color",['18%']
35100,"
					[UNISEX] 코듀로이 릴렉스피트 팬츠_4COLOR",['10%']
10900,"
					[NEW컬러입고]챔피온 T425 반팔티",['56%']
26900,"
					와이드 핏 앵클 슬랙스 블랙",['4%']
167300,"
12/01 배송 [무신사 단독]BC ID DOWN JACKET BLACK CEQDMDW02BK",['30%']
38000,"
					86RJ-1677_베이지 슬림 퍼티그팬츠",['32%']
18900,"
12/04 배송 Ramolin Stickcap 10 Color",['21%']
17100,"
					[머플러] 솔리드 울 머플러 - 차콜",['10%']
27100,"
					하이 양기모 후드 집업 그레이(2082)",['15%']
59000,"
					[무신사 단독]2017 LONG PADDING JUMPER (BLACK) [GPD001F43BK]",['50%']
35000,"
					86RJ_1672 베이직 블랙진",['41%']
31500,"
12/18 배송 [세트] 기모 레프리젠트 트랙팬츠+인디비주얼 /컨트롤양말 (CA0004-2)",['43%']
59000,"
12/06 배송 램스울 오버핏 라운드 니트",['11%']
32000,"
					Plaid Check Shirts Navy",['18%']
31000,"
					[우신사 단독]N헤비코튼 후디 블랙(컬러)_기모 후드",['50%']
14900,"
					(세트구성)트리플에이 1301 무지 반팔티셔츠 블랙/화이트",['50%']
39960,"
					반스 클래식 슬립온 / VN-0EYEBLK / CLASSIC SLIP-ON BLACK / VN000EYEBLK1",['26%']
38000,"
					86RJ-1677_카키 슬림 퍼티그팬츠",['32%']
211650,"
					덕 다운 벤치 코트 950 [블랙]",[]
55300,"
					블록 후드 (2 컬러)",['30%']
59000,"
					램스울 오버핏 터틀넥 니트",['11%']
18900,"
					[31차입고][UNISEX / 7COLOR]롱슬리브 블랙",['64%']
18000,"
					[무신사 단독]체크 머플러_N_네이비",['10%']
